City,Amount,Latitude,Longitude
"Achalpur, India",1606641,21.241444700000002,77.42575731097946
"Adilabad, India",1769464,19.5,78.5
"Adityapur, India",963993,22.792542349999998,86.08551847167897
"Adoni, India",1575355,15.6559189,77.26977367379274
"Adoor, India",647725,9.1581862,76.77326138126125
"Afzalpur, India",864810,17.2005764,76.3605783
"Agartala, India",636562,23.8312377,91.2823821
"Agra, India",285895,27.1752554,78.0098161
"Ahmedabad, India",567794310,23.0216238,72.5797068
"Ahmednagar, India",375289,19.162772500000003,74.85802430085195
"Aizawl, India",1059311,23.7435236,92.7382905
"Ajmer, India",460497,26.454041,74.64046556098174
"Akola, India",1554569,20.7618624,77.19217162524623
"Akot, India",520454,21.0479371,77.05845282299609
"Alappuzha, India",792714,9.5006651,76.41241428564258
"Aligarh, India",1361308,27.833333,78.166667
"Alipurduar, India",1170706,26.4851573,89.5246926
"Alirajpur, India",166684,22.285939550000002,74.35468608752092
"Allahabad, India",910035,25.4381302,81.8338005
"Alwar, India",790466,27.5,76.5
"Amalapuram, India",1157097,16.57950675,81.99732471149382
"Amalner, India",727200,21.075780700000003,75.04286411660418
"Ambejogai, India",1001915,18.70397645,76.44764757324253
"Ambikapur, India",753562,23.1226343,83.1981886
"Amravati, India",1116367,21.15454115,77.64429617998744
"Amreli, India",778693,20.866667,70.75
"Amritsar, India",487429,31.6343083,74.8736788
"Amroha, India",831245,28.9233969,78.48831693262684
"Anakapalle, India",558789,17.68897,83.003476
"Anand, India",596518,22.5584995,72.9625629
"Anantapur, India",789050,14.6546235,77.55625984224562
"Anantnag, India",509772,33.7368773,75.1455138
"Anjangaon, India",1227279,21.1632207,77.3187906
"Anjar, India",387288,23.1194278,70.0363797
"Ankleshwar, India",685030,21.6293206,72.9945103
"Arakkonam, India",639847,13.0839782,79.6700892
"Arambagh, India",1447212,22.8764875,87.7909131
"Araria, India",819243,26.26498795,87.37162648106798
"Arrah, India",490453,25.62345725,84.59683868653386
"Arsikere, India",1467962,13.3137351,76.2531829
"Aruppukkottai, India",834503,9.43599075,78.12022647412451
"Arvi, India",827635,20.936150050000002,78.28921691830388
"Arwal, India",583509,25.180777149999997,84.65920203021554
"Asansol, India",1102027,23.6871297,86.9746587
"Ashok Nagar, India",1483602,13.0400731,80.2159247
"Athni, India",951948,,
"Attingal, India",140430,8.6985965,76.8134401
"Aurangabad, India",1947236,19.877263,75.3390241
"Azamgarh, India",102204,26.02269675,83.02887343114848
"Bagaha, India",224207,27.05901115,84.20646375475478
"Bahadurgarh, India",680825,28.660964800000002,76.83467647083376
"Baharampur, India",1069088,24.1044927,88.2510635
"Bahraich, India",24253,27.7336958,81.47732127661058
"Balaghat, India",770109,21.966667,80.333333
"Balangir, India",430928,20.74978325,83.44097217446247
"Baleshwar Town, India",1004723,21.5017098,86.9216712
"Ballari, India",959599,15.2485413,76.8323648
"Balurghat, India",627521,25.2634866,88.78900293567636
"Bankura, India",861814,23.13195425,87.20739720367507
"Bapatla, India",241667,15.9325935,80.38953423256073
"Baramula, India",1792934,34.566667,74.75
"Barbil, India",1147085,22.06030655,85.39277997446213
"Bargarh, India",445535,21.347763399999998,83.65768298821486
"Baripada Town, India",1125773,21.9330539,86.76682352857506
"Barnala, India",743652,30.3704685,75.504017418548
"Barpeta, India",946864,26.34142215,91.01674328474073
"Batala, India",1219670,31.8193025,75.1999941
"Bathinda, India",2767609,30.17911535,75.04710156312628
"Begusarai, India",522371,25.5127194,86.09057109140021
"Belagavi, India",1317506,15.8572666,74.5069343
"Bellampalle, India",993421,19.0593559,79.52515689790599
"Bengaluru, India",572326739,12.9767936,77.590082
"Bettiah, India",353056,26.791072749999998,84.56010678772793
"Bhabua, India",1248923,25.07634815,83.63359775892343
"Bhadrachalam, India",1133551,17.6688019,80.8940083
"Bhadrak, India",1835165,21.0633288,86.5053731
"Bhagalpur, India",631741,25.28669805,87.13225355111148
"Bhainsa, India",978723,19.107085,77.9635656
"Bharatpur, India",1425492,27.26521245,77.36912554739122
"Bharuch, India",1409103,21.75,73.0
"Bhatapara, India",472560,22.8571157,88.3971976
"Bhavnagar, India",730015,21.7718836,72.1416449
"Bhawanipatna, India",174346,19.9104952,83.1678321
"Bheemunipatnam, India",1170772,17.891381,83.4512183
"Bhilai Nagar, India",1006225,21.2011836,81.3352266
"Bhilwara, India",923912,25.48877345,74.69961283584024
"Bhimavaram, India",433281,16.5427689,81.527344
"Bhiwandi, India",557886,19.362530800000002,73.07847467842203
"Bhiwani, India",274621,28.7931703,76.1391283
"Bhongir, India",1425469,17.5172789,78.8863383
"Bhopal, India",500891,23.2584857,77.401989
"Bhubaneswar, India",699280,20.28105765,85.81140263163533
"Bhuj, India",1260630,23.2472446,69.668339
"Bikaner, India",1425067,28.0159286,73.3171367
"Bilaspur, India",443215,28.8680526,79.29838501460121
"Bobbili, India",492162,18.5748202,83.3522594
"Bodhan, India",969270,18.6536941,77.8936802
"Bokaro Steel City, India",859773,23.6579595,86.0839161
"Bongaigaon City, India",982140,26.4800126,90.5580387
"Brahmapur, India",539133,19.299904050000002,84.8071371267063
"Buxar, India",1157138,25.562071500000002,84.01567204651289
"Byasanagar, India",997298,20.9587439,86.1226608
"Chaibasa, India",663824,22.5483518,85.81888764651222
"Chalakudy, India",567873,10.3041869,76.3371037
"Chandausi, India",432123,28.449104,78.7828513
"Chandigarh, India",432233,30.7334421,76.7797143
"Changanassery, India",30074,9.489667449999999,76.62783425007578
"Charkhi Dadri, India",1459379,28.5919933,76.2719817
"Chatra, India",1034340,24.20162495,84.87817691941733
"Chennai, India",114730600,13.0836939,80.270186
"Cherthala, India",606799,9.740204,76.33246715541219
"Chikkamagaluru, India",427124,13.5,75.5
"Chilakaluripet, India",1545309,16.0949502,80.1658779
"Chirala, India",835642,15.8361517,80.3636644
"Chirkunda, India",492615,23.7451314,86.7869794
"Chirmiri, India",1140160,23.1915245,82.3532182
"Chittoor, India",976573,13.1601048,79.15555061803596
"Chittur-Thathamangalam, India",801860,10.6924597,76.73709822112443
"Cuttack, India",912617,20.4686,85.8792
"Dalli-Rajhara, India",1859041,20.5884403,81.071724
"Darbhanga, India",1726490,26.08314325,86.03257096612822
"Darjiling, India",859471,26.75,88.25
"Davanagere, India",1711942,14.4661266,75.9206361
"Deesa, India",524557,24.2594977,72.1803348
"Dehradun, India",1009352,30.3255646,78.0436813
"Dehri-on-Sone, India",1389102,24.9142734,84.1862208
"Delhi, India",556929212,28.6517178,77.2219388
"Deoghar, India",959797,24.4766423,86.60673245386945
"Dhamtari, India",425241,20.7083903,81.5485253
"Dhanbad, India",875564,23.7952809,86.4309638
"Dharmanagar, India",1005801,24.3734077,92.1655262
"Dharmavaram, India",499688,14.42234715,77.72006886674166
"Dhenkanal, India",438125,20.75,85.5
"Dhoraji, India",253121,21.734812,70.4491538
"Dhubri, India",1101754,26.01894625,89.94188952461522
"Dhule, India",962660,21.13050145,74.47891180551228
"Dhuri, India",898151,30.3708266,75.8647369
"Dibrugarh, India",1129413,27.4844597,94.9019447
"Dimapur, India",1271920,25.9136459,93.7283456
"Diphu, India",1996886,25.8563368,93.46496675590588
"Dumka, India",885038,24.2538512,87.30064714192224
"Dumraon, India",1116851,25.5238346,84.15995314496914
"Durg, India",259705,21.19903535,81.3979545573657
"Eluru, India",566405,17.015219000000002,81.08045423126018
"English Bazar, India",522328,24.965712250000003,88.1277781318015
"Erode, India",1347120,11.369204400000001,77.67662686841793
"Etawah, India",889854,26.718324350000003,79.09025375025163
"Faridabad, India",807447,28.4031478,77.3105561
"Faridkot, India",736267,30.60092505,74.79477422840449
"Farooqnagar, India",1045298,17.0791536,78.2039881
"Fatehabad, India",779766,29.51238035,75.4291789790538
"Fatehpur Sikri, India",2204376,27.0911655,77.6623984
"Fazilka, India",14949,30.336099599999997,74.11794319222481
"Firozabad, India",706178,27.17736635,78.38991197951182
"Firozpur Cantt., India",1040099,30.9416519,74.61742782073071
"Firozpur, India",389791,30.885100350000002,74.66014081248886
"Forbesganj, India",331431,26.27836065,87.29875647084894
"Gadwal, India",713058,16.2347032,77.7946371
"Gangarampur, India",1252605,25.42363975,88.57316686704961
"Ganjbasoda, India",223901,,
"Gaya, India",542539,24.7964355,85.0079563
"Giridih, India",947517,24.1608897,86.25113503301655
"Goalpara, India",796227,26.1783623,90.6226683
"Gobichettipalayam, India",1342694,11.450099699999999,77.44261877550801
"Gobindgarh, India",1156703,30.5979596,75.5921058
"Godhra, India",121637,22.7785001,73.6245157
"Gohana, India",515578,29.1190219,76.66998431674506
"Gokak, India",1397274,16.167464,74.90819355873174
"Gooty, India",507686,15.13014175,77.64365939781754
"Gopalganj, India",603304,26.4207265,84.37406407415165
"Greater Mumbai, India",576751476,19.2267595,72.99430658609035
"Gudivada, India",1015533,16.4329976,80.9937151
"Gudur, India",1082401,17.7988349,79.9788493
"Gumia, India",875775,23.7978518,85.75647029537049
"Guntakal, India",224886,15.11965065,77.45529027323644
"Guntur, India",971660,16.2915189,80.4541588
"Gurdaspur, India",749797,32.166667,75.316667
"Gurgaon, India",1959098,28.42826235,77.00270014657752
"Guwahati, India",1230416,26.1805978,91.753943
"Gwalior, India",1247031,26.2037247,78.1573628
"Habra, India",1000473,22.8400629,88.6630678
"Hajipur, India",1587327,25.7205805,85.25555961402884
"Haldwani-cum-Kathgodam, India",1203970,,
"Hansi, India",545453,29.1352917,75.97647564346738
"Hapur, India",943941,28.740612499999997,77.83542556519009
"Hardoi , India",435739,27.33857665,80.0975264641719
"Hardwar, India",951487,29.9384473,78.1452985
"Hazaribag, India",735657,24.0,85.25
"Hindupur, India",1106438,13.8306127,77.492635
"Hisar, India",1741804,29.080640950000003,75.788754109493
"Hoshiarpur, India",592445,31.60857425,75.84644246890946
"Hubli-Dharwad, India",1379495,15.427867549999998,75.01121404513651
"Hugli-Chinsurah, India",171822,22.8992251,88.3921337
"Hyderabad, India",114493477,17.360589,78.4740613
"Ichalkaranji, India",1240273,16.6959348,74.4555755
"Imphal, India",1533801,24.7991162,93.9364419
"Indore, India",772769,22.7203616,75.8681996
"Itarsi, India",903062,22.6124961,77.762753
"Jabalpur, India",590254,23.1608938,79.9497702
"Jagdalpur, India",1825991,19.0870758,82.0235715
"Jaggaiahpet, India",600552,19.2090738,79.5863071
"Jagraon, India",1551497,30.8041704,75.4753645
"Jagtial, India",1159416,18.82135895,78.91506632525903
"Jaipur, India",111136855,26.9154576,75.8189817
"Jalandhar Cantt., India",809823,31.2905114,75.6302498
"Jalandhar, India",1595649,31.29201065,75.56805772253911
"Jalpaiguri, India",722298,26.4733048,88.6788668614395
"Jamalpur, India",913702,25.3297912,86.45677664617543
"Jammalamadugu, India",1867345,14.82604155,78.39903877659904
"Jammu, India",1811802,32.7185614,74.8580917
"Jamnagar, India",1401026,22.453729600000003,70.0513626911195
"Jamshedpur, India",1632722,22.8015194,86.2029579
"Jamui, India",994470,24.967852049999998,86.17351147289283
"Jangaon, India",1206850,17.746584300000002,79.24072182693956
"Jatani, India",899303,20.17822305,85.70930157008985
"Jehanabad, India",599356,25.15247135,85.00687848982191
"Jhansi, India",2112589,25.531031149999997,78.65268901605349
"Jhargram, India",1231801,22.3770636,87.04867177362203
"Jharsuguda, India",255160,21.87705125,84.00905063735019
"Jhumri Tilaiya, India",664208,24.4348984,85.529513
"Jind, India",2187252,29.301826249999998,76.33847076788838
"Jodhpur, India",772359,26.275682850000003,73.02969731064445
"Jorhat, India",1382127,26.7577925,94.2079645
"Kadapa, India",1747259,14.4752936,78.8216861
"Kadi, India",928116,23.2969449,72.3306381
"Kadiri, India",181435,14.16738855,78.14185565
"Kagaznagar, India",597818,19.401042949999997,79.43454087965227
"Kaithal, India",1209233,29.822820749999998,76.37830986647243
"Kakinada, India",939730,17.1213126,82.18422479792069
"Kalimpong, India",764982,27.0702869,88.4723676
"Kalpi, India",799421,26.115446499999997,79.61537074753903
"Kalyan-Dombivali, India",2436920,19.2334875,73.1182464
"Kamareddy, India",352000,18.316551,78.05393808043348
"Kancheepuram, India",562378,12.87960515,79.70427615297989
"Kandukur, India",778680,15.2250199,79.90801153111607
"Kanhangad, India",494139,12.2906471,75.10740557896587
"Kannur, India",1004399,11.8763836,75.3737973
"Kanpur, India",114370532,26.4609135,80.3217588
"Kapadvanj, India",504624,23.0232402,73.0727531
"Kapurthala, India",1583337,31.38524095,75.30552273989395
"Karaikal, India",1032059,10.91571,79.8375761
"Karimganj, India",958710,24.8483482,92.33221292310328
"Karimnagar, India",493900,18.4346438,79.1322648
"Karjat, India",646359,18.57982995,75.0015318226267
"Karnal, India",751751,29.6803266,76.9896254
"Karur, India",560664,10.9301522,78.08485454572889
"Karwar, India",1003403,14.8120931,74.1319229
"Kasaragod, India",756365,12.5035635,74.990834
"Kashipur, India",1018763,29.2117573,78.9617306
"Kathua, India",541276,32.4288215,75.56286458392415
"Katihar, India",472140,25.560900349999997,87.64765353997149
"Kavali, India",979637,14.91098925,80.01534335527676
"Kayamkulam, India",1165436,9.172188,76.5008685
"Kendrapara, India",965563,20.50040085,86.43170622796478
"Kendujhar, India",847571,21.5892323,85.66878413736906
"Keshod, India",524017,21.31486295,70.26789366226589
"Khair, India",1482348,27.9843591,77.73740537405565
"Khambhat, India",965032,22.3166806,72.6243126
"Khammam, India",578412,17.5,80.333333
"Khanna, India",994387,25.5656914,80.0634887
"Kharagpur, India",1215466,25.133173050000003,86.52504036339789
"Kharar, India",1320133,25.8819068,76.4192052
"Kishanganj, India",642252,26.130435300000002,87.94010318229245
"Kochi, India",1015139,9.931308,76.2674136
"Kodungallur, India",1373818,10.2902062,76.15264918448622
"Kohima, India",944110,25.75,94.166667
"Kolar, India",1199580,13.1369996,78.1339606
"Kolkata, India",115466943,22.5414185,88.35769124388872
"Kollam, India",912426,8.8879509,76.5955013
"Koratla, India",1552165,18.8238151,78.7205172
"Korba, India",1869219,22.3547468,82.7110855
"Kot Kapura, India",774900,,
"Kothagudem, India",591144,17.5456307,80.6116162
"Kottayam, India",1368235,9.6287383,76.64553257390992
"Kovvur, India",758448,17.01796845,81.710121083101
"Koyilandy, India",1372726,11.4383564,75.696891
"Kozhikode, India",1043202,11.2450558,75.7754716
"Kunnamkulam, India",1286025,10.6548692,76.09587816203106
"Kurnool, India",1886088,15.8309251,78.0425373
"Kyathampalle, India",628876,17.9520284,79.3822016
"Lachhmangarh, India",475410,27.3637739,76.8581926
"Ladnu, India",380361,27.6418,74.3949
"Ladwa, India",905857,30.0332661,77.0462460523216
"Lahar, India",1009175,26.1925169,78.9426117
"Laharpur, India",952223,27.72838105,80.98388171487147
"Lakheri, India",1379916,25.6730413,76.1922423
"Lakhimpur, India",1287782,27.985060150000002,80.75384538357649
"Lakhisarai, India",541239,25.167702900000002,86.05935924304018
"Lakshmeshwar, India",1032468,29.9093475,79.0877008
"Lal Gopalganj Nindaura, India",623840,,
"Lalitpur, India",848581,24.70038485,78.51866758648347
"Lalsot, India",1160642,26.5630662,76.3281328
"Lanka, India",1527772,25.91331045,93.02566787197169
"Lar, India",466442,34.2656225,74.7359594050323
"Latur, India",210239,18.35159075,76.75542361334745
"Limbdi, India",633567,22.5660006,71.7899425
"Lingsugur, India",706063,16.1563,76.5242
"Lonavla, India",613627,18.7534635,73.4059575
"Loni, India",1263508,19.5821138,74.4709449
"Losal, India",628656,27.4004329,74.9182758
"Lucknow, India",115334476,26.8381,80.9346001
"Ludhiana, India",927725,30.9090157,75.851601
"Lumding, India",476003,25.7535433,93.1731676
"Lunawada, India",1119878,,
"Lunglei, India",1545004,22.898553,92.75192291719874
"Macherla, India",826773,16.4761106,79.4364146
"Machilipatnam, India",1507791,16.1817369,81.1348181
"Madanapalle, India",666999,13.57325965,78.47914644847344
"Maddur, India",1708604,12.5848984,77.0448679
"Madhepura, India",398410,25.9259562,86.82042961035677
"Madhubani, India",1298157,26.350071999999997,86.22914688962271
"Madhugiri, India",868174,13.6601789,77.2140882
"Madhupur, India",752398,24.287867900000002,86.61050950020086
"Madikeri, India",1027232,12.42149,75.7387543
"Madurai, India",479382,9.9261153,78.1140983
"Mahalingapura, India",578252,16.3879888,75.1115893
"Mahasamund, India",1774705,21.1882332,82.48484762499999
"Mahbubnagar, India",15458,16.7434538,77.9923191
"Mahe, India",988754,11.7021978,75.5364701
"Mahemdabad, India",972014,22.8218366,72.7782897
"Mahesana, India",1457579,23.6015557,72.3867981
"Mahidpur, India",167116,24.7630436,77.7075862
"Mahnar Bazar, India",1093105,,
"Mahuva, India",1070914,21.0914409,71.7621979
"Maihar, India",1856608,24.260444,80.7592749
"Mainaguri, India",1096328,26.5651987,88.8220215
"Makhdumpur, India",1273034,25.073940399999998,84.98787293898746
"Makrana, India",606715,27.0388103,74.7271171
"Malaj Khand, India",458379,,
"Malappuram, India",462960,11.10684475,76.10995510466662
"Malavalli, India",478747,12.3864073,77.0589464
"Malegaon, India",1639472,20.590250150000003,74.5714979275197
"Malerkotla, India",828812,30.533129,75.8807604
"Malkapur, India",496548,20.892664699999997,76.20502740958177
"Malout, India",561456,30.1902559,74.5001207
"Malpura, India",1321058,26.2888019,75.3729774
"Malur, India",485102,13.0060343,77.9382839
"Manavadar, India",523373,21.4979645,70.1406499
"Mancherial, India",1108300,18.8761795,79.4449696
"Mandamarri, India",132233,18.95415675,79.48779329882326
"Mandapeta, India",736697,16.896833700000002,81.91817932322371
"Mandi Dabwali, India",282540,29.9657112,74.702937
"Mandi, India",861910,31.6723392,76.95331690779145
"Mandideep, India",1766092,23.0965633,77.5144525
"Mandla, India",2047036,22.68536625,80.58150561711888
"Mandsaur, India",800994,24.2651306,75.38718193725012
"Mandvi, India",1819799,22.8314482,69.35081
"Mandya, India",562339,12.5238888,76.8961961
"Manendragarh, India",514281,23.2167227,82.2035806
"Maner, India",1110811,25.6603858,84.90893995030878
"Mangaluru, India",1059371,12.8698101,74.8430082
"Manglaur, India",802321,29.7921496,77.8760645
"Mangrol, India",1447507,26.810551,77.9612803
"Mangrulpir, India",1111682,20.275522549999998,77.3192219689895
"Manjlegaon, India",1155202,,
"Mankachar, India",974482,25.629632649999998,89.93159383615063
"Manmad, India",874743,20.2519828,74.4392286
"Mansa, India",1122453,29.8769971,75.4889866137018
"Manuguru, India",529912,17.9384182,80.817981
"Manvi, India",690244,15.9967483,77.0481181
"Manwath, India",573556,19.24358395,76.55916095750428
"Mapusa, India",438551,15.5926511,73.8119741
"Margao, India",2061941,15.272923,73.9583159
"Markapur, India",1073850,15.714987749999999,79.23882574620737
"Marmagao, India",1190441,15.41263865,73.79022945
"Masaurhi, India",690464,25.3516471,84.98734798892505
"Mathura, India",459688,27.633333,77.583333
"Mattannur, India",1467767,11.9307557,75.5712639
"Mavelikkara, India",583601,9.2090753,76.58149987745429
"Mavoor, India",468767,10.2068553,78.7311816
"Medak, India",930909,17.9375095,78.21174498510584
"Medininagar (Daltonganj), India",1524872,24.02265335,84.11191072812582
"Medinipur, India",1058957,22.4207025,87.3269963
"Meerut, India",805204,29.000652549999998,77.76822875372174
"Mehkar, India",891498,20.26384775,76.63371229145883
"Memari, India",272188,23.1756813,88.0963919
"Merta City, India",814071,26.6480362,74.0335019
"Mhow Cantonment, India",1218263,,
"Mihijam, India",1056732,23.8526044,86.8788101
"Mira-Bhayandar, India",667934,19.2883976,72.8653624
"Miryalaguda, India",455411,16.8710119,79.5617353
"Modasa, India",1706364,23.4634245,73.2990631
"Modinagar, India",642762,28.8261624,77.54165604660876
"Moga, India",838638,30.7839866,75.16057422541162
"Mohali, India",1692412,30.7041168,76.7176885
"Mokameh, India",708281,25.4058043,85.89155425304008
"Mokokchung, India",1886399,26.4795861,94.51052754768273
"Moradabad, India",1272425,28.8638424,78.80577833091104
"Morena, India",1196599,26.166667,77.5
"Morshi, India",884697,21.33032905,78.0110895246803
"Morvi, India",445838,25.26490965,82.98577262135697
"Motihari, India",1620225,26.66951195,84.95741062485514
"Mudalagi, India",903660,16.3367271,74.9682914
"Muddebihal, India",1662729,16.3284481,76.1283489
"Mudhol, India",819943,16.3338591,75.2870794
"Muktsar, India",1101316,30.283140099999997,74.52299719797392
"Mulbagal, India",328739,13.1626004,78.3958998
"Mundi, India",360142,25.4695463,76.3734555
"Mungeli, India",972383,22.0661098,81.6874282
"Munger, India",795135,25.22081165,86.51720367235285
"Murshidabad, India",515741,24.1745993,88.2721335
"Murtijapur, India",1207327,20.7346452,77.3699281
"Murwara (Katni), India",539348,23.8339621,80.392456
"Musabani, India",1149320,22.55868615,86.40966796396881
"Mussoorie, India",202987,30.4569012,78.0782906
"Muvattupuzha, India",1612351,9.9269213,76.5634782925112
"Muzaffarpur, India",1084256,26.1486581,85.34001282479626
"Mysore, India",551639,12.3051828,76.6553609
"Nabadwip, India",876276,23.3889007,88.37243900644481
"Nabarangapur, India",325320,19.60962325,82.29876854111501
"Nabha, India",1096714,30.3739948,76.1528674
"Nadbai, India",1149598,27.2156849,77.1982449
"Nadiad, India",909064,22.6895535,72.8713603
"Nagaon, India",958952,26.30414915,92.71605974430346
"Nagapattinam, India",615927,10.805627600000001,79.824659783024
"Nagari, India",754037,13.31217355,79.59793429354428
"Nagarkurnool, India",906501,16.415762649999998,78.68304333132829
"Nagaur, India",1747018,27.0607859,74.17667537582712
"Nagda, India",865577,23.587548050000002,75.67567912676502
"Nagercoil, India",1280646,8.1880471,77.4290492
"Nagina, India",233518,29.538422,78.51514669104847
"Nagpur, India",789262,21.1498134,79.0820556
"Nahan, India",1322988,30.56256885,77.25728516676574
"Naharlagun, India",618347,27.1032229,93.6923098
"Naidupet, India",1125727,13.9289023,79.83247910637009
"Naihati, India",1458235,22.8886213,88.4239345
"Naila Janjgir, India",1559377,22.0229287,82.565318
"Nainital, India",1679383,29.29478295,79.41548093726253
"Najibabad, India",748980,29.607202100000002,78.28537443588678
"Nakodar, India",332270,31.1264364,75.4761382
"Nalbari, India",95321,26.42386165,91.45122754621168
"Namakkal, India",774306,11.284224850000001,78.16615283668403
"Nanded-Waghala, India",1778048,19.169335,77.311013
"Nandivaram-Guduvancheri, India",662522,,
"Nandura, India",231015,20.81284715,76.389607576366
"Nandurbar, India",1184443,21.365998949999998,74.28400358178766
"Nandyal, India",902981,15.475377349999999,78.47855756523148
"Nangal, India",639699,31.3837484,76.3754353
"Nanjangud, India",681079,12.1276786,76.6811152
"Nanjikottai, India",855239,10.7532804,79.1393057
"Nanpara, India",1051723,28.03279355,81.37828094433695
"Narasapuram, India",504137,16.4386275,81.7015011
"Narasaraopet, India",398271,16.2389242,80.0472879
"Narayanpet, India",859906,16.700551750000002,77.61648447017446
"Nargund, India",592116,15.7220381,75.3846247
"Narkatiaganj, India",693684,27.096888149999998,84.4585344292079
"Narnaul, India",1111117,27.997083250000003,76.0757621771358
"Narsinghgarh, India",1814501,23.709099,77.088747
"Narsipatnam, India",571349,17.64070945,82.61598715403707
"Narwana, India",536252,29.58437455,76.07577670844161
"Nashik, India",681012,20.0112475,73.7902364
"Nasirabad, India",1636296,26.297039,74.7369464
"Nathdwara, India",256371,24.9303453,73.8224937
"Naugachhia, India",905799,25.421416,87.09090821768987
"Naugawan Sadat, India",1235124,29.0031366,78.4045848
"Nautanwa, India",2072550,27.30068725,83.44904972788568
"Navi Mumbai, India",1290316,19.0308262,73.0198537
"Navsari, India",1274466,20.952407,72.9323831
"Nawabganj, India",325866,28.4917016,79.6487272441984
"Nawada, India",698299,24.818123999999997,85.5185562336921
"Nawanshahr, India",1369254,31.126888899999997,76.15768480633812
"Nawapur, India",971785,21.21136955,73.96372877781741
"Nedumangad, India",1112532,8.6052249,77.0029782
"Neem-Ka-Thana, India",1322101,27.7360104,75.7854205
"Neemuch, India",679308,24.63044655,75.18339614635457
"Nehtaur, India",932477,,
"Nelamangala, India",774456,13.0953024,77.3963586
"Nellikuppam, India",946448,12.7490683,80.1064975
"Nellore, India",1650026,14.4493717,79.9873763
"Nepanagar, India",1144742,21.4641072,76.3968819
"New Delhi, India",260209,28.6138954,77.2090057
"Neyveli (TS), India",1096736,11.6125475,79.4916128
"Neyyattinkara, India",930580,8.4100639,77.0816275
"Nidadavole, India",1408176,16.9065631,81.65423521024772
"Nilambur, India",1039105,11.3033733,76.33758118764645
"Nilanga, India",1325032,18.08341865,76.79988271038852
"Nimbahera, India",473968,24.6258698,74.6866837
"Nirmal, India",672756,19.091520950000003,78.39660898429065
"Nizamabad, India",627449,26.055317950000003,82.99313867937335
"Nohar, India",596777,29.1841366,74.7691392
"Noida, India",463122,28.5707841,77.3271074
"Nokha, India",2410357,25.083159950000002,84.09316346858087
"Nongstoin, India",350587,25.572639449999997,91.25408026691981
"Noorpur, India",1064568,27.2263944,77.6472902
"North Lakhimpur, India",815979,27.160901099999997,94.16266801115614
"Nowgong, India",625936,26.133333,92.666667
"Nuzvid, India",1528494,16.7907012,80.8476103
"Oddanchatram, India",1443941,10.551039750000001,77.72741028555566
"Ongole, India",898698,15.5075545,80.06080046754784
"Orai, India",1176048,25.9359555,79.42432768008604
"Osmanabad, India",1045910,18.16984395,76.11796321159572
"Ottappalam, India",1545133,10.85532885,76.35642468454839
"Ozar, India",1003538,20.4775218,73.8630714
"Pachora, India",463391,20.65625755,75.4011069175395
"Padra, India",1572795,25.3627965,75.9244966
"Padrauna, India",1261368,27.03180635,83.90103804538502
"Paithan, India",961502,19.4733594,75.3868103
"Pakaur, India",550408,24.64788505,87.84290308567452
"Palacole, India",1448660,16.53137155,81.68553062260926
"Palakkad, India",419214,10.78789845,76.47408711165895
"Palani, India",649085,10.497812750000001,77.50049340214429
"Palanpur, India",1238468,24.170100599999998,72.43169574086093
"Palasa Kasibugga, India",1687157,18.7722643,84.4099942
"Palghar, India",1031615,19.68086385,72.82537342511341
"Pali, India",749220,25.6040908,73.41560878556902
"Palia Kalan, India",402626,28.4312733,80.5810023
"Palitana, India",913235,21.5236104,71.8219597
"Palladam, India",820287,10.9708115,77.28172616917558
"Palwal, India",521113,28.176958900000002,77.37311203790532
"Palwancha, India",614347,17.5976713,80.7057072
"Panaji, India",404861,15.4989946,73.8282141
"Panchkula, India",676830,30.7137692,76.86827600027706
"Pandharkaoda, India",915276,,
"Pandharpur, India",1591077,17.7255921,75.30019362933085
"Pandhurna, India",1499485,21.5954798,78.5258489
"Pandua, India",677011,23.07026605,88.25833944146513
"Panipat, India",1542399,29.3912753,76.9771675
"Panna, India",152346,24.5,80.25
"Panruti, India",1081700,11.71597955,79.52096942061098
"Panvel, India",1061734,18.96558885,73.10288130582491
"Pappinisseri, India",758155,11.95398495,75.35236588122478
"Paradip, India",261358,20.286946049999997,86.67399790661415
"Paramakudi, India",706700,9.48671505,78.67227177440276
"Paravoor, India",1623438,12.126429,75.337317
"Parbhani, India",380226,19.29031365,76.60290343431203
"Parlakhemundi, India",632456,18.785724,84.0816192
"Parli, India",1036655,26.9238875,76.9112706
"Partur, India",611983,19.484898,76.25924877618277
"Parvathipuram, India",1553989,18.7649439,83.34458762599236
"Pasan, India",1078532,22.8440999,82.1982942
"Paschim Punropara, India",1020765,,
"Patan, India",530133,23.77405735,71.68373465668734
"Pathanamthitta, India",550328,9.278084100000001,76.97374429915658
"Pathankot, India",158943,32.2692452,75.6528858
"Pathri, India",1194468,19.219461199999998,76.4284157989699
"Patiala, India",842145,30.2090874,76.3398720856221
"Patna, India",507114,25.6093239,85.1235252
"Patratu, India",622747,23.6310786,85.33447132277304
"Pattamundai, India",682739,20.5626441,86.59080686954783
"Patti, India",381180,25.94998965,82.18054488875742
"Pattukkottai, India",1093608,10.411803299999999,79.33776652736019
"Pavagada, India",1151618,14.1007288,77.2800053
"Pedana, India",509090,16.326251300000003,81.1516437879902
"Peddapuram, India",638562,17.09813605,82.13236972772236
"Pehowa, India",1142546,29.998410149999998,76.55831215630047
"Pen, India",755690,18.6973659,73.13672046831282
"Perambalur, India",1232281,11.2287716,78.8182555496278
"Peringathur, India",494488,11.7154805,75.58480743706592
"Perinthalmanna, India",539531,10.990946000000001,76.22992369222189
"Periyakulam, India",1149132,10.1105106,77.59723205337286
"Periyasemur, India",1430957,11.366551,77.6978494
"Pernampattu, India",898361,12.9366728,78.7187469
"Perumbavoor, India",607040,10.1147548,76.4778152
"Petlad, India",844514,22.4770467,72.8003365
"Phagwara, India",1256547,31.2206734,75.7696463
"Phalodi, India",1732625,27.1294121,72.3649644
"Phaltan, India",586211,17.9579342,74.41423536646538
"Phulabani, India",1551779,20.50756595,84.22731067744127
"Phusro, India",522989,23.7601823,85.9755003
"Pihani, India",1108142,27.6243099,80.2008125
"Pilani, India",1393524,28.3622661,75.6042342
"Pilibanga, India",194219,29.4916223,74.0790249
"Pilibhit, India",512516,28.690806600000002,79.83107248812297
"Pilkhuwa, India",858200,28.7142498,77.654851
"Pinjore, India",1279633,30.8042411,76.9149498
"Pipar City, India",1637606,26.385203,73.5382451
"Pipariya, India",1241212,25.2394168,86.15027692688179
"Pithampur, India",429936,22.6105576,75.6790283
"Pithapuram, India",1466243,17.1489922,82.23018860075135
"Pithoragarh, India",1229631,29.585871,80.215167
"Pollachi, India",929732,10.67047305,77.00991258704545
"Pondicherry, India",323586,11.9340568,79.8306447
"Ponnani, India",817943,10.77491915,75.97975130462257
"Ponnur, India",954135,16.0683776,80.5522462
"Porbandar, India",1276025,21.6409,69.611
"Porsa, India",1241869,26.6721388,78.3719802
"Port Blair, India",1111369,11.6645348,92.7390448
"Pratapgarh, India",1830405,25.75,81.75
"Proddatur, India",875740,14.752265900000001,78.54855180269425
"Pudukkottai, India",1583137,10.5,78.833333
"Pulgaon, India",891670,20.725766,78.3176067
"Puliyankudi, India",2057089,9.0341147,77.4365795
"Punalur, India",861922,8.94828515,77.02168488417499
"Punch, India",648662,32.2585418,75.5862618
"Pune, India",109313930,18.521428,73.8544541
"Punganur, India",309115,13.405603,78.55808373409377
"Puranpur, India",1196521,28.56941825,80.18107516667288
"Puri, India",369851,19.8076083,85.8252538
"Purna, India",700537,19.18104375,76.99403314900697
"Purnia, India",1019830,26.0,87.5
"Purulia, India",1115432,23.3435943,86.35726817110043
"Pusad, India",898870,19.88769135,77.48399628090309
"Puttur, India",1796277,13.418613950000001,79.5329474106502
"Raayachuru, India",1151002,,
"Rabkavi Banhatti, India",1409203,,
"Radhanpur, India",1354542,23.8315668,71.6103884
"Rae Bareli, India",1046223,26.25,81.25
"Raghogarh-Vijaypur, India",1028253,24.462893,77.1604574
"Raghunathganj, India",280258,24.4615088,88.0665362
"Rahuri, India",533512,19.40453175,74.61005747867654
"Raiganj, India",447927,25.680653900000003,88.12464576019889
"Raigarh, India",1828739,22.5,83.5
"Raipur, India",895696,21.2379469,81.6336833
"Raisen, India",1857202,23.25,78.083333
"Raisinghnagar, India",462102,29.535814,73.4459111
"Rajagangapur, India",1320124,22.182835150000002,84.62289139548452
"Rajahmundry, India",1119513,17.0050454,81.7804732
"Rajakhera, India",571686,26.8971615,78.1711602
"Rajampet, India",1485860,14.200322,79.11028621688962
"Rajapalayam, India",1124595,9.403158399999999,77.51826437085998
"Rajgarh (Churu), India",1019918,28.6415386,75.3852992
"Rajgir, India",512717,25.0299973,85.4207368
"Rajkot, India",978132,22.3053263,70.8028377
"Rajnandgaon, India",348682,20.9727404,80.69155548263583
"Rajpipla, India",717299,21.8697448,73.5048135
"Rajpura, India",503178,30.4776857,76.5937658
"Rajsamand, India",1817290,25.29131615,73.8244924740361
"Rajula, India",1366623,21.038617,71.4438845
"Ramachandrapuram, India",1036899,16.820723700000002,82.06252456511933
"Ramagundam, India",322362,18.7615156,79.4787848
"Ramanagaram, India",794804,17.005308,80.7108898
"Ramanathapuram, India",531288,9.3895523,78.85907071521498
"Ramdurg, India",1518981,15.9449549,75.2967797
"Rameshwaram, India",365380,9.2844657,79.3125553
"Ramganj Mandi, India",1514894,24.6453169,75.9430409
"Ramgarh, India",325847,23.598775949999997,85.53691564663127
"Ramnagar, India",2448619,29.42483385,79.09663522858392
"Ramngarh, India",1084727,,
"Rampur, India",1193879,24.890090999999998,83.73254274787365
"Rampura Phul, India",339672,30.2703978,75.2373537
"Rampurhat, India",1580932,24.1763069,87.7859569
"Ranaghat, India",1555228,23.1738124,88.563677
"Ranavav, India",1245169,21.6986198,69.7268474
"Ranchi, India",619502,23.3700501,85.3250387
"Ranebennuru, India",242748,14.6165795,75.6341529
"Ranibennur, India",591296,14.625888,75.6357245
"Ranipet, India",454896,12.9245871,79.3341878
"Rasipuram, India",398893,11.4911695,78.2411702303988
"Rasra, India",443484,25.8865235,83.88209173414475
"Ratangarh, India",1039420,28.0749601,74.6243533
"Rath, India",1242525,25.63463955,79.52638693149856
"Ratlam, India",148187,23.4805919,74.91778971237613
"Ratnagiri, India",636008,17.282607900000002,73.4569787039826
"Raurkela, India",1041140,22.21428495,84.87243686998576
"Raver, India",763072,21.22876205,75.99841514447535
"Rawatbhata, India",915679,24.9345886,75.5883278
"Rawatsar, India",445391,29.2631,74.4016
"Raxaul Bazar, India",604555,,
"Rayachoti, India",520500,14.062924800000001,78.71843326006439
"Rayadurg, India",678118,14.7006174,76.8495095
"Rayagada, India",113126,19.172095849999998,83.3350308502498
"Renukoot, India",1589009,24.2032305,83.0400348
"Repalle, India",385899,16.0191748,80.8313643
"Revelganj, India",1329656,25.7769093,84.68234857980572
"Rewa, India",1254432,24.756718,81.65493468694177
"Rewari, India",1266009,28.1956468,76.6165179
"Rishikesh, India",1155697,30.1086537,78.2916193
"Risod, India",1152693,20.038384100000002,76.83418393404364
"Robertsganj, India",1571540,24.5977192,83.16261211845588
"Robertson Pet, India",418586,35.9149993,-79.052303
"Rohtak, India",898778,28.9010899,76.5801935
"Roorkee, India",690299,29.8693496,77.8902124
"Rosera, India",883661,25.7798366,86.04254408305015
"Rudauli, India",937770,26.72658105,81.71043872043722
"Rudrapur, India",1574145,28.974744,79.3963951
"Rupnagar, India",528448,31.09168085,76.5272673916138
"Sabalgarh, India",291701,26.2483936,77.4099835
"Sadabad, India",1290657,27.40600445,78.03346974335031
"Sadasivpet, India",975690,17.6211902,77.9503264
"Sadulpur, India",441250,28.63758085,75.38506245254072
"Safidon, India",260866,29.37834295,76.62727469326614
"Sagar, India",1623661,23.80961225,78.75911360578634
"Sagara, India",350366,23.80961225,78.75911360578634
"Sagwara, India",707183,23.6733339,74.0249551
"Saharanpur, India",399583,29.9880774,77.5081299470512
"Saharsa, India",1016752,25.83264165,86.61489283342814
"Sahaswan, India",1519696,28.111908,78.74639723157563
"Sahibganj, India",729216,25.2820998,87.61850784289338
"Sailu, India",1776275,19.50589155,76.50246991608606
"Sainthia, India",1210821,23.8698858,87.67969840644172
"Salaya, India",260317,22.311004,69.6025978
"Salem, India",717148,11.6612012,78.1602498
"Salur, India",636922,18.5177,83.2081
"Samalkot, India",315905,17.0453164,82.1689895
"Samana, India",777874,24.5359971,80.2498947
"Samastipur, India",741869,25.7744929,85.86626813370123
"Sambalpur, India",932140,21.4706422,83.98368580351055
"Sambhal, India",1126449,28.61875255,78.55087405404802
"Sanand, India",1511507,23.0238876,72.3851475
"Sanawad, India",788773,22.1716912,76.0724656
"Sandila, India",447480,27.1275258,80.53906695154278
"Sanduru, India",776256,15.084389,76.5435934
"Sangamner, India",1315578,19.489917050000003,74.24637475177133
"Sangareddy, India",422376,17.86859205,77.8228199507381
"Sangaria, India",579070,29.7931482,74.4663078
"Sangli, India",675405,17.1726928,74.58676543279755
"Sangole, India",421187,17.41102785,75.16621771409594
"Sangrur, India",973162,30.2093363,75.8184224340909
"Sankarankoil, India",1313378,9.1473292,77.58655675906527
"Sankari, India",1785360,11.5330743,77.97340010370982
"Sankeshwara, India",1787051,16.2595741,74.4843495
"Santipur, India",919827,23.259345949999997,88.43721205880513
"Sarangpur, India",1289001,23.5702907,76.4722144
"Sardarshahar, India",665530,28.4403,74.4895
"Sardhana, India",1663388,29.148938049999998,77.63763422399805
"Sarni, India",207309,29.6477809,74.5732479
"Sasaram, India",860693,24.9001003,84.0182110684575
"Sasvad, India",528779,18.472818,73.9545184
"Satana, India",978783,24.5,81.0
"Satara, India",795401,17.63612885,74.29827807601782
"Sathyamangalam, India",463611,11.5523741,77.26537576524208
"Satna, India",302811,24.5,81.0
"Sattenapalle, India",679431,16.421400249999998,80.16888970550735
"Sattur, India",1126133,9.322676049999998,77.94184645933314
"Saunda, India",1861691,30.6179707,76.3367629
"Saundatti-Yellamma, India",559830,15.75447145,75.15388495055825
"Savanur, India",457539,14.9750243,75.3397064
"Savarkundla, India",493070,21.3394524,71.3082758
"Savner, India",990850,21.4307993,78.88704494799094
"Sawai Madhopur, India",879191,26.22914115,76.30453277017932
"Sedam, India",1007642,17.1772683,77.2823552
"Sehore, India",1436028,23.1156882,77.06623939176504
"Sendhwa, India",1080160,21.6870684,75.0920315
"Seohara, India",720446,29.2071574,78.5842226
"Seoni, India",985134,22.275878900000002,79.721044651047
"Seoni-Malwa, India",859305,22.4520024,77.4665358
"Shahabad Hardoi, India",874557,27.5994338,80.03260243745382
"Shahabad Rampur, India",458389,28.571204299999998,79.02055207870676
"Shahabad, India",1004345,28.571204299999998,79.02055207870676
"Shahade, India",1448775,21.597327749999998,74.56374241576653
"Shahbad, India",1095436,30.14855065,76.84074742084039
"Shahdol, India",1922564,23.3002343,81.364771
"Shahjahanpur, India",1212725,27.912633149999998,79.74656294869826
"Shahpur, India",388774,25.66420085,84.4288669373095
"Shahpura, India",1155984,25.625258,74.9274576
"Shajapur, India",1047754,23.37074105,76.62051527475785
"Shamli, India",324930,29.5008816,77.34838258540861
"Shamsabad Agra, India",399660,27.0170736,78.123465
"Shegaon, India",1424378,20.7756259,76.61195368171651
"Sheikhpura, India",1016687,25.12635425,85.81510620944194
"Shenkottai, India",1195451,9.024178,77.23372730415451
"Sheopur, India",900305,25.6656611,76.6954843
"Sherghati, India",232626,24.593938950000002,84.84789028985003
"Sherkot, India",1092341,29.3248768,78.5732637
"Shikaripur, India",892659,,
"Shikarpur Bulandshahr, India",717996,28.2325472,78.0636982800424
"Shikohabad, India",1932391,27.0366038,78.6514361805649
"Shillong, India",475181,25.5760446,91.8825282
"Shimla, India",834452,31.1041526,77.1709729
"Shirdi, India",1408771,19.7668121,74.4754386
"Shirpur-Warwade, India",372501,,
"Shirur, India",931507,18.76109885,74.20952895424165
"Shivamogga, India",926147,13.9326093,75.574978
"Shivpuri, India",826280,25.37524125,77.82811932629714
"Sholingur, India",1234965,,
"Shoranur, India",715258,10.7637196,76.272355
"Shrigonda, India",1158839,18.67638375,74.67093388983076
"Shrirampur, India",580727,19.64228445,74.70103607472412
"Shujalpur, India",625884,23.3805757,76.7232104
"Siana, India",816221,28.5730085,78.07731880324079
"Sibsagar, India",1559750,26.96388985,94.58213344568205
"Siddipet, India",1011516,18.005585099999998,78.89611304969961
"Sidhi, India",1474975,24.25,82.0
"Sidhpur, India",1589028,22.10390075,69.46479455225894
"Sidlaghatta, India",669263,13.3885218,77.8641332
"Sihor, India",823051,27.9359152,75.9125232
"Sihora, India",1018957,21.4616995,79.8365441
"Sikandra Rao, India",853858,27.6952614,78.39161619140066
"Sikandrabad, India",796677,28.416503499999997,77.73534746014593
"Sikar, India",231765,27.662826000000003,75.02792628691331
"Silchar, India",1139628,24.817861100000002,92.75622075294373
"Siliguri, India",856902,26.714547,88.43972157930162
"Sillod, India",1558185,20.2997045,75.6524885
"Simdega, India",717599,22.6664325,84.5502679119221
"Sindhagi, India",918731,,
"Sindhnur, India",732084,15.7620985,76.5950148
"Singrauli, India",1264062,24.1974432,82.6661453
"Sinnar, India",1653296,19.808175300000002,74.08914487513019
"Sira, India",778768,29.8481073,79.1753554
"Sircilla, India",1082462,18.3897573,78.8085973
"Sirhind Fatehgarh Sahib, India",1439504,30.625015,76.3853971
"Sirkali, India",529609,11.26590385,79.74432689119347
"Sirohi, India",469206,24.811404699999997,72.83002573160249
"Sironj, India",919483,24.101593,77.6905891
"Sirsa, India",1423169,29.583333,75.083333
"Sirsaganj, India",497406,27.0569981,78.686047
"Sirsi, India",609393,21.2170679,79.6511481
"Siruguppa, India",851580,15.6336064,76.8939231
"Sitamarhi, India",1667009,26.5876547,85.5056744
"Sitapur, India",1430928,27.5046392,80.82946583420815
"Sivaganga, India",295685,9.851231,78.53047154820717
"Sivakasi, India",1457684,9.4669895,77.77597856822051
"Siwan, India",1130051,26.1310043,84.39125660595198
"Sohna, India",696288,28.3241636,77.08486438023044
"Sojat, India",1138547,25.9245937,73.6652394
"Solan, India",790741,30.92589585,77.08200509063624
"Solapur, India",129732,17.84990665,75.27632027348457
"Sonamukhi, India",421734,23.3039507,87.42319208975196
"Sonepur, India",991009,25.69692585,85.13577199672577
"Sonipat, India",1292079,28.9953758,77.0233627
"Sopore, India",665273,34.3281272,74.47611863298505
"Soro, India",1085989,21.2997306,86.73683730021526
"Soron, India",1177991,27.8897862,78.7463761
"Sri Madhopur, India",587654,27.422620600000002,75.71287230424393
"Srikakulam, India",450291,18.32002205,83.91607719937166
"Srikalahasti, India",512633,13.7896547,79.64707713075806
"Srinagar, India",1412546,34.0747444,74.8204443
"Srivilliputhur, India",1784051,9.560136400000001,77.60912867038894
"Suar, India",861153,29.0151586,79.10048081093893
"Sugauli, India",566464,26.75652265,84.77791331432874
"Sujangarh, India",1452443,27.7011154,74.4649358
"Sullurpeta, India",293798,13.69367795,80.09953071418832
"Sultanganj, India",1378637,25.19965055,86.74092427574905
"Sultanpur, India",371163,26.242510850000002,82.29616931685918
"Sumerpur, India",1088270,25.1538056,73.0816488
"Sunabeda, India",2196178,18.734236850000002,82.83084682181051
"Sunam, India",776686,30.134004,75.8062777
"Sundargarh, India",679823,22.13327195,83.97965279931319
"Supaul, India",853038,26.2768118,86.79658662614811
"Surandai, India",913340,8.9678595,77.4352171
"Surapura, India",310842,16.5208523,76.7591995
"Surat, India",114486151,21.1864607,72.8081281
"Suratgarh, India",489871,29.3203309,73.9026728
"Suri, India",372297,23.9065776,87.5288788
"Suryapet, India",855649,17.08001385,79.7925329742427
"Tadepalligudem, India",383015,16.876586500000002,81.54514499050143
"Tadpatri, India",1506100,14.9382599,78.02786887950407
"Taki, India",256306,22.5859414,88.9267299
"Talaja, India",1178058,21.3545788,72.0368814
"Talcher, India",1236844,20.9458183,85.2111736
"Talegaon Dabhade, India",1020425,18.7337107,73.6728593
"Talikota, India",1083640,,
"Taliparamba, India",1037895,12.0994756,75.47057356867221
"Talode, India",877261,21.62029975,74.23171499035644
"Tamluk, India",610975,22.3028351,87.8688425271269
"Tanda, India",948327,26.51606805,82.69434723323808
"Tandur, India",1453869,18.1007856,78.0756739
"Tanuku, India",1305224,16.75414,81.685839
"Tarakeswar, India",378661,22.8546251,88.01622320020137
"Taranagar, India",1101147,28.6707787,75.0361419
"Tarikere, India",423561,13.7062309,75.8183561
"Tarn Taran, India",875459,31.351007,75.1501011
"Tasgaon, India",1351922,17.09048585,74.68326753168
"Tekkalakote, India",605950,15.5337852,76.8772225
"Tenali, India",986388,16.2377735,80.6464219
"Tenkasi, India",794072,9.031895800000001,77.36536124793122
"Terdal, India",498901,16.4936178,75.0468551
"Tezpur, India",868553,26.61695705,92.76500717365028
"Thakurdwara, India",971062,29.1043595,78.81583409295854
"Thana Bhawan, India",1092260,29.5869304,77.4169206
"Thane, India",635734,19.1943294,72.9701779
"Thanesar, India",336483,29.993039500000002,76.82922282678291
"Thangadh, India",832315,22.5743355,71.2000239
"Thanjavur, India",1027149,10.7860267,79.1381497
"Tharad, India",1680953,24.3897272,71.6292685
"Tharamangalam, India",1066494,11.6916951,77.96677
"Theni Allinagaram, India",856898,10.0235876,77.4793303
"Thirumangalam, India",1068672,9.79800945,77.92984261528223
"Thiruvalla, India",83524,9.3867448,76.5762652
"Thiruvallur, India",664045,13.13014755,79.92435386254968
"Thiruvananthapuram, India",1199670,8.5241122,76.9360573
"Thiruvarur, India",1949608,10.73618605,79.63318659437627
"Thodupuzha, India",296684,9.883035249999999,76.76444289215709
"Thoubal, India",1010829,24.624587,94.04247928402684
"Thrissur, India",1125706,10.5256264,76.2132542
"Thuraiyur, India",848259,11.23020275,78.56506951981538
"Tikamgarh, India",922314,24.85450275,79.04698123882801
"Tilda Newra, India",1427578,,
"Tilhar, India",1197097,28.05723185,79.7421488507794
"Tindivanam, India",562643,12.2131306,79.6322142471716
"Tinsukia, India",620017,27.52016575,95.5306347312879
"Tiptur, India",1167391,13.258575,76.4737675
"Tiruchendur, India",1444107,8.5024607,78.05427595640626
"Tiruchengode, India",925418,11.38845225,77.97079099881387
"Tiruchirappalli, India",760070,10.804973,78.6870296
"Tirukalukundram, India",1218582,12.5744549,80.0748337535796
"Tirukkoyilur, India",842059,11.96371955,79.15013968781824
"Tirunelveli, India",739119,8.7012203,77.5792694
"Tirupathur, India",147028,12.453306399999999,78.55290857022919
"Tirupati, India",379791,13.77928955,79.83512262283737
"Tiruppur, India",966071,11.1017815,77.345192
"Tirur, India",26094,10.90450625,76.00142835463933
"Tiruttani, India",436781,13.1596519,79.55053744434807
"Tiruvannamalai, India",958852,12.22721295,79.07015554906167
"Tiruvethipuram, India",402025,12.6563891,79.5404577
"Tiruvuru, India",1302840,17.1132968,80.6107396
"Titlagarh, India",620952,20.2985474,83.17521981867318
"Tohana, India",1031746,29.6467786,75.81176210960223
"Tonk, India",254094,26.12214725,75.66375373932236
"Tuensang, India",177842,26.168505500000002,94.85819821659115
"Tuljapur, India",1421273,17.8773893,76.10316542109956
"Tumkur, India",1817072,13.3400771,77.1006208
"Tumsar, India",1144945,21.4452249,79.66647451458289
"Tundla, India",531012,27.23463675,78.2771309043707
"Tuni, India",592091,17.381941400000002,82.52074177882511
"Tura, India",772924,25.517377,90.2066783
"Uchgaon, India",603740,16.6969914,74.27496020123672
"Udaipur, India",2498194,24.578721,73.6862571
"Udaipurwati, India",2085303,27.7309897,75.4743975
"Udgir, India",2080182,18.43743615,77.11052147515852
"Udhagamandalam, India",1035784,11.471119,76.69065831269072
"Udhampur, India",1055622,33.0,75.166667
"Udumalaipettai, India",1080909,10.433381749999999,77.18551347905883
"Udupi, India",881141,13.3419169,74.7473232
"Ujhani, India",774007,27.9951096,79.0153138
"Ujjain, India",1671648,23.1885131,75.7716562
"Umarga, India",986051,17.8406534,76.58855543010085
"Umaria, India",383976,23.64319305,80.94239522009255
"Umarkhed, India",741484,19.5982171,77.91409929687705
"Umbergaon, India",492422,20.2498621,72.84127309056454
"Umred, India",784518,23.8441191,77.132585
"Umreth, India",428519,22.6990518,73.115045
"Una, India",687712,31.583333,76.25
"Unjha, India",264940,23.7968484,72.3818955
"Unnao, India",553884,26.57550365,80.61376177782856
"Upleta, India",1033298,21.7466811,70.2821426
"Uran Islampur, India",209070,17.0502198,74.2661719
"Uran, India",587365,18.85535115,73.02478066625523
"Uravakonda, India",772163,14.8722142,77.26206804106354
"Usilampatti, India",680739,9.9662267,77.82872510829625
"Uthamapalayam, India",425336,9.767329700000001,77.3313395501812
"Utraula, India",685699,27.23935865,82.39454509194364
"Vadakkuvalliyur, India",684923,,
"Vadalur, India",1231465,11.5551872,79.555067
"Vadipatti, India",300309,10.0790057,78.03600140899019
"Vadnagar, India",564131,23.7853622,72.6332132
"Vadodara, India",741915,22.2973142,73.1942567
"Vaijapur, India",630956,19.9479338,74.8303495918967
"Valparai, India",1152683,10.39017065,76.95120218001418
"Valsad, India",515904,20.4324018,73.1411715553577
"Vandavasi, India",293323,12.47006965,79.59517139268956
"Vaniyambadi, India",473101,12.610081749999999,78.75987014206322
"Vapi, India",1113789,20.3735482,72.9084376
"Varanasi, India",125313,25.3356491,83.0076292
"Varkala, India",807439,8.7342288,76.7257086
"Vasai-Virar, India",1011207,19.4258788,72.8224901
"Vatakara, India",1102870,11.5970724,75.5903655
"Vedaranyam, India",1138637,10.42794765,79.74895829623102
"Vellakoil, India",1008356,10.9569141,77.7160216
"Vellore, India",256179,12.7948109,79.0006410968549
"Venkatagiri, India",269084,14.010067750000001,79.48507330302013
"Veraval, India",295790,20.9101099,70.365279
"Vidisha, India",524759,23.916667,78.0
"Vijainagar Ajmer, India",538332,25.9304646,74.6513212
"Vijayapura, India",2445557,16.666667,75.916667
"Vijayawada, India",283421,16.5087586,80.6185102
"Vikarabad, India",624646,17.2702855,77.74529700637382
"Vikramasingapuram, India",838886,8.7141792,77.3892867
"Viluppuram, India",575712,11.9137874,79.50789297942772
"Vinukonda, India",426406,16.022056050000003,79.66448439991211
"Viramgam, India",1969608,23.1224522,72.0483946
"Virudhachalam, India",564432,11.54787515,79.38453998266513
"Virudhunagar, India",493244,9.5208936,77.8784563961865
"Visakhapatnam, India",1399880,17.7231276,83.3012842
"Visnagar, India",928985,23.7036823,72.5404601
"Vita, India",276648,17.271977,74.5372841
"Vizianagaram, India",612452,18.1120819,83.4052196224888
"Vrindavan, India",865590,27.5753726,77.6938045
"Vyara, India",1423531,21.1176744,73.3857702
"Wadgaon Road, India",1197874,18.4601433,73.8260099
"Wadhwan, India",328774,22.7028011,71.6723933
"Wadi, India",916698,17.051694,76.9912575
"Wai, India",451355,17.9423742,73.91925349215948
"Wanaparthy, India",125606,16.285294399999998,77.98644727021286
"Wani, India",539976,19.9755162,78.95918704575197
"Wankaner, India",484317,22.6153934,70.9495617
"Warangal, India",683345,17.9819448,79.5969982
"Wardha, India",542081,20.82562315,78.61314549522919
"Warisaliganj, India",468504,24.99210665,85.615510925
"Warora, India",960361,20.3279356,79.00781959381015
"Washim, India",1273139,20.28792095,77.23606281061035
"Wokha, India",459285,26.166667,94.25
"Yadgir, India",749443,16.7689044,77.1380381
"Yamunanagar, India",1080533,30.2112003,77.28638972360895
"Yanam, India",1484475,16.7333666,82.2145164
"Yavatmal, India",1200540,20.325703750000002,78.11691396684715
"Yawal, India",447939,21.22666185,75.69541123568386
"Yellandu, India",1399868,17.5915639,80.3216885
"Yemmiganur, India",366953,15.74712865,77.51206932473963
"Yerraguntla, India",728049,14.66318725,78.52186532340352
"Yevla, India",395106,20.0812256,74.53318331524869
"Zaidpur, India",723818,26.8305827,81.3296301
"Zamania, India",865634,25.45528745,83.66927939185426
"Zira, India",1640547,30.971299,74.9881797
"Zirakpur, India",549663,30.6557257,76.8200648
"Zunheboto, India",466429,26.0,94.5
